{
    "Llama-3.1-8B-Instruct": {
      "quantized_no": {
        "pt4": {
          "python": {
            "statement": {
              "shot3": {
                "CoT_yes": {
                  "Incontext_same": {
                    "overall_accuracy": 0.3081180811808118,
                    "type_accuracy": {
                      "Assignment": 0.3880597014925373,
                      "Branch": 0.7666666666666667,
                      "API": 0.06938775510204082,
                      "Arithmetic Assignment": 0.2638888888888889,
                      "Constant Assignment": 0.5294117647058824
                    },
                    "type_counts": {
                      "Assignment": 67,
                      "Branch": 90,
                      "API": 245,
                      "Arithmetic Assignment": 72,
                      "Constant Assignment": 68
                    }
                  }
                }
              }
            }
          }
        }
      },
      "quantized_yes": {
        "pt4": {
          "python": {
            "statement": {
              "shot3": {
                "CoT_yes": {
                  "Incontext_same": {
                    "overall_accuracy": 0.5202952029520295,
                    "type_accuracy": {
                      "Assignment": 0.5522388059701493,
                      "Branch": 0.8,
                      "API": 0.39591836734693875,
                      "Arithmetic Assignment": 0.5416666666666666,
                      "Constant Assignment": 0.5441176470588235
                    },
                    "type_counts": {
                      "Assignment": 67,
                      "Branch": 90,
                      "API": 245,
                      "Arithmetic Assignment": 72,
                      "Constant Assignment": 68
                    }
                  }
                }
              }
            }
          }
        }
      }
    },
    "Qwen2.5-14B-Instruct-1M": {
      "quantized_no": {
        "pt4": {
          "python": {
            "statement": {
              "shot3": {
                "CoT_yes": {
                  "Incontext_same": {
                    "overall_accuracy": 0.3025830258302583,
                    "type_accuracy": {
                      "Assignment": 0.373134328358209,
                      "Branch": 0.6666666666666666,
                      "API": 0.10204081632653061,
                      "Arithmetic Assignment": 0.2638888888888889,
                      "Constant Assignment": 0.5147058823529411
                    },
                    "type_counts": {
                      "Assignment": 67,
                      "Branch": 90,
                      "API": 245,
                      "Arithmetic Assignment": 72,
                      "Constant Assignment": 68
                    }
                  }
                }
              }
            }
          }
        }
      },
      "quantized_yes": {
        "pt4": {
          "python": {
            "statement": {
              "shot3": {
                "CoT_yes": {
                  "Incontext_same": {
                    "overall_accuracy": 0.5350553505535055,
                    "type_accuracy": {
                      "Assignment": 0.6268656716417911,
                      "Branch": 0.5666666666666667,
                      "API": 0.46122448979591835,
                      "Arithmetic Assignment": 0.625,
                      "Constant Assignment": 0.5735294117647058
                    },
                    "type_counts": {
                      "Assignment": 67,
                      "Branch": 90,
                      "API": 245,
                      "Arithmetic Assignment": 72,
                      "Constant Assignment": 68
                    }
                  }
                }
              }
            }
          }
        }
      }
    }
  }