{
  "Llama-3.1-8B-Instruct": {
    "quantized_no": {
      "pt4": {
        "python": {
          "statement": {
            "shot3": {
              "CoT_yes": {
                "Incontext_same": {
                  "overall_accuracy": 0.3081180811808118,
                  "type_accuracy": {
                    "Assignment": 0.3880597014925373,
                    "Branch": 0.7666666666666667,
                    "API": 0.06938775510204082,
                    "Arithmetic Assignment": 0.2638888888888889,
                    "Constant Assignment": 0.5294117647058824
                  },
                  "type_counts": {
                    "Assignment": 67,
                    "Branch": 90,
                    "API": 245,
                    "Arithmetic Assignment": 72,
                    "Constant Assignment": 68
                  }
                }
              }
            }
          }
        }
      }
    },
    "quantized_yes": {
      "pt4": {
        "python": {
          "statement": {
            "shot3": {
              "CoT_yes": {
                "Incontext_same": {
                  "overall_accuracy": 0.5202952029520295,
                  "type_accuracy": {
                    "Assignment": 0.5522388059701493,
                    "Branch": 0.8,
                    "API": 0.39591836734693875,
                    "Arithmetic Assignment": 0.5416666666666666,
                    "Constant Assignment": 0.5441176470588235
                  },
                  "type_counts": {
                    "Assignment": 67,
                    "Branch": 90,
                    "API": 245,
                    "Arithmetic Assignment": 72,
                    "Constant Assignment": 68
                  }
                }
              }
            }
          }
        }
      }
    }
  },
  "Qwen2.5-14B-Instruct-1M": {
    "quantized_no": {
      "pt4": {
        "python": {
          "statement": {
            "shot3": {
              "CoT_yes": {
                "Incontext_same": {
                  "overall_accuracy": 0.3025830258302583,
                  "type_accuracy": {
                    "Assignment": 0.373134328358209,
                    "Branch": 0.6666666666666666,
                    "API": 0.10204081632653061,
                    "Arithmetic Assignment": 0.2638888888888889,
                    "Constant Assignment": 0.5147058823529411
                  },
                  "type_counts": {
                    "Assignment": 67,
                    "Branch": 90,
                    "API": 245,
                    "Arithmetic Assignment": 72,
                    "Constant Assignment": 68
                  }
                }
              }
            }
          }
        }
      }
    },
    "quantized_yes": {
      "pt4": {
        "python": {
          "statement": {
            "shot3": {
              "CoT_yes": {
                "Incontext_same": {
                  "overall_accuracy": 0.5350553505535055,
                  "type_accuracy": {
                    "Assignment": 0.6268656716417911,
                    "Branch": 0.5666666666666667,
                    "API": 0.46122448979591835,
                    "Arithmetic Assignment": 0.625,
                    "Constant Assignment": 0.5735294117647058
                  },
                  "type_counts": {
                    "Assignment": 67,
                    "Branch": 90,
                    "API": 245,
                    "Arithmetic Assignment": 72,
                    "Constant Assignment": 68
                  }
                }
              }
            }
          }
        }
      }
    }
  },
  "Qwen2.5-Coder-7B-Instruct": {
    "quantized_no": {
      "pt4": {
        "python": {
          "statement": {
            "shot3": {
              "CoT_yes": {
                "Incontext_same": {
                  "overall_accuracy": 0.32287822878228783,
                  "type_accuracy": {
                    "Assignment": 0.5671641791044776,
                    "Branch": 0.6333333333333333,
                    "API": 0.044897959183673466,
                    "Arithmetic Assignment": 0.3194444444444444,
                    "Constant Assignment": 0.6764705882352942
                  },
                  "type_counts": {
                    "Assignment": 67,
                    "Branch": 90,
                    "API": 245,
                    "Arithmetic Assignment": 72,
                    "Constant Assignment": 68
                  }
                }
              }
            }
          }
        }
      }
    },
    "quantized_yes": {
      "pt4": {
        "python": {
          "statement": {
            "shot3": {
              "CoT_yes": {
                "Incontext_same": {
                  "overall_accuracy": 0.44649446494464945,
                  "type_accuracy": {
                    "Assignment": 0.5522388059701493,
                    "Branch": 0.6,
                    "API": 0.27346938775510204,
                    "Arithmetic Assignment": 0.5833333333333334,
                    "Constant Assignment": 0.6176470588235294
                  },
                  "type_counts": {
                    "Assignment": 67,
                    "Branch": 90,
                    "API": 245,
                    "Arithmetic Assignment": 72,
                    "Constant Assignment": 68
                  }
                }
              }
            }
          }
        }
      }
    }
  },
  "DeepSeek-Coder-V2-Lite-Instruct": {
    "quantized_no": {
      "pt4": {
        "python": {
          "statement": {
            "shot3": {
              "CoT_yes": {
                "Incontext_same": {
                  "overall_accuracy": 0.2785977859778598,
                  "type_accuracy": {
                    "Assignment": 0.373134328358209,
                    "Branch": 0.6222222222222222,
                    "API": 0.07346938775510205,
                    "Arithmetic Assignment": 0.19444444444444445,
                    "Constant Assignment": 0.5588235294117647
                  },
                  "type_counts": {
                    "Assignment": 67,
                    "Branch": 90,
                    "API": 245,
                    "Arithmetic Assignment": 72,
                    "Constant Assignment": 68
                  }
                }
              }
            }
          }
        }
      }
    },
    "quantized_yes": {
      "pt4": {
        "python": {
          "statement": {
            "shot3": {
              "CoT_yes": {
                "Incontext_same": {
                  "overall_accuracy": 0.44280442804428044,
                  "type_accuracy": {
                    "Assignment": 0.4925373134328358,
                    "Branch": 0.5,
                    "API": 0.3836734693877551,
                    "Arithmetic Assignment": 0.5277777777777778,
                    "Constant Assignment": 0.4411764705882353
                  },
                  "type_counts": {
                    "Assignment": 67,
                    "Branch": 90,
                    "API": 245,
                    "Arithmetic Assignment": 72,
                    "Constant Assignment": 68
                  }
                }
              }
            }
          }
        }
      }
    }
  },
  "Phi-4-mini-instruct": {
    "quantized_no": {
      "pt4": {
        "python": {
          "statement": {
            "shot3": {
              "CoT_yes": {
                "Incontext_same": {
                  "overall_accuracy": 0.23800738007380073,
                  "type_accuracy": {
                    "Assignment": 0.31343283582089554,
                    "Branch": 0.4444444444444444,
                    "API": 0.04081632653061224,
                    "Arithmetic Assignment": 0.09722222222222222,
                    "Constant Assignment": 0.75
                  },
                  "type_counts": {
                    "Assignment": 67,
                    "Branch": 90,