{
    "Llama-3.1-8B-Instruct": {
      "pt0": {
        "python": {
          "statement": {
            "shot0": {
              "overall_accuracy": 0.30275229357798167,
              "type_accuracy": {
                "Assignment": 0.22058823529411764,
                "Branch": 0.6555555555555556,
                "API": 0.1214574898785425,
                "Arithmetic Assignment": 0.18055555555555555,
                "Constant Assignment": 0.7058823529411765
              },
              "type_counts": {
                "Assignment": 68,
                "Branch": 90,
                "API": 247,
                "Arithmetic Assignment": 72,
                "Constant Assignment": 68
              }
            },
            "shot1": {
              "CoT_yes": {
                "Incontext_same": {
                  "overall_accuracy": 0.3805147058823529,
                  "type_accuracy": {
                    "Assignment": 0.35294117647058826,
                    "Branch": 0.7333333333333333,
                    "API": 0.16260162601626016,
                    "Arithmetic Assignment": 0.3611111111111111,
                    "Constant Assignment": 0.75
                  },
                  "type_counts": {
                    "Assignment": 68,
                    "Branch": 90,
                    "API": 246,
                    "Arithmetic Assignment": 72,
                    "Constant Assignment": 68
                  }
                },
                "Incontext_different": {
                  "overall_accuracy": 0.40441176470588236,
                  "type_accuracy": {
                    "Assignment": 0.5294117647058824,
                    "Branch": 0.7,
                    "API": 0.1951219512195122,
                    "Arithmetic Assignment": 0.3194444444444444,
                    "Constant Assignment": 0.7352941176470589
                  },
                  "type_counts": {
                    "Assignment": 68,
                    "Branch": 90,
                    "API": 246,
                    "Arithmetic Assignment": 72,
                    "Constant Assignment": 68
                  }
                }
              },
              "CoT_no": {
                "Incontext_same": {
                  "overall_accuracy": 0.3602941176470588,
                  "type_accuracy": {
                    "Assignment": 0.4411764705882353,
                    "Branch": 0.7111111111111111,
                    "API": 0.16666666666666666,
                    "Arithmetic Assignment": 0.3194444444444444,
                    "Constant Assignment": 0.5588235294117647
                  },
                  "type_counts": {
                    "Assignment": 68,
                    "Branch": 90,
                    "API": 246,
                    "Arithmetic Assignment": 72,
                    "Constant Assignment": 68
                  }
                },
                "Incontext_different": {
                  "overall_accuracy": 0.3713235294117647,
                  "type_accuracy": {
                    "Assignment": 0.5,
                    "Branch": 0.7555555555555555,
                    "API": 0.16260162601626016,
                    "Arithmetic Assignment": 0.3333333333333333,
                    "Constant Assignment": 0.5294117647058824
                  },
                  "type_counts": {
                    "Assignment": 68,
                    "Branch": 90,
                    "API": 246,
                    "Arithmetic Assignment": 72,
                    "Constant Assignment": 68
                  }
                }
              }
            },
            "shot2": {
              "CoT_yes": {
                "Incontext_same": {
                  "overall_accuracy": 0.3572744014732965,
                  "type_accuracy": {
                    "Assignment": 0.29411764705882354,
                    "Branch": 0.7,
                    "API": 0.18775510204081633,
                    "Arithmetic Assignment": 0.3194444444444444,
                    "Constant Assignment": 0.6176470588235294
                  },
                  "type_counts": {
                    "Assignment": 68,
                    "Branch": 90,
                    "API": 245,
                    "Arithmetic Assignment": 72,
                    "Constant Assignment": 68
                  }
                },
                "Incontext_different": {
                  "overall_accuracy": 0.39779005524861877,
                  "type_accuracy": {
                    "Assignment": 0.47058823529411764,
                    "Branch": 0.7555555555555555,
                    "API": 0.17142857142857143,
                    "Arithmetic Assignment": 0.3472222222222222,
                    "Constant Assignment": 0.7205882352941176
                  },
                  "type_counts": {
                    "Assignment": 68,
                    "Branch": 90,
                    "API": 245,
                    "Arithmetic Assignment": 72,
                    "Constant Assignment": 68
                  }
                }
              },
              "CoT_no": {
                "Incontext_same": {
                  "overall_accuracy": 0.3278084714548803,
                  "type_accuracy": {
                    "Assignment": 0.4264705882352941,
                    "Branch": 0.6444444444444445,
                    "API": 0.15510204081632653,
                    "Arithmetic Assignment": 0.3333333333333333,
                    "Constant Assignment": 0.4264705882352941
                  },
                  "type_counts": {
                    "Assignment": 68,
                    "Branch": 90,
                    "API": 245,
                    "Arithmetic Assignment": 72,
                    "Constant Assignment": 68
                  }
                },
                "Incontext_different": {
                  "overall_accuracy": 0.36279926335174956,
                  "type_accuracy": {
                    "Assignment": 0.45588235294117646,
                    "Branch": 0.6333333333333333,
                    "API": 0.17959183673469387,
                    "Arithmetic Assignment": 0.3194444444444444,
                    "Constant Assignment": 0.6176470588235294
                  },
                  "type_counts": {
                    "Assignment": 68,
                    "Branch": 90,
                    "API": 245,
                    "Arithmetic Assignment": 72,
                    "Constant Assignment": 68
                  }
                }
              }
            }
          }
        }
      }
    },
    "Qwen2.5-14B-Instruct-1M": {
      "pt0": {
        "python": {
          "statement": {
            "shot0": {
              "overall_accuracy": 0.42201834862385323,
              "type_accuracy": {
                "Assignment": 0.47058823529411764,
                "Branch": 0.7666666666666667,
                "API": 0.1902834008097166,
                "Arithmetic Assignment": 0.3611111111111111,
                "Constant Assignment": 0.8235294117647058
              },
              "type_counts": {
                "Assignment": 68,
                "Branch": 90,
                "API": 247,
                "Arithmetic Assignment": 72,
                "Constant Assignment": 68
              }
            },
            "shot1": {
              "CoT_yes": {
                "Incontext_same": {
                  "overall_accuracy": 0.49816176470588236,
                  "type_accuracy": {
                    "Assignment": 0.5735294117647058,
                    "Branch": 0.7777777777777778,
                    "API": 0.27235772357723576,
                    "Arithmetic Assignment": 0.4305555555555556,
                    "Constant Assignment": 0.9411764705882353
                  },
                  "type_counts": {
                    "Assignment": 68,
                    "Branch": 90,
                    "API": 246,
                    "Arithmetic Assignment": 72,