{
  "Llama-3.1-8B-Instruct": {
    "pt0": {
      "python": {
        "overall_accuracy": 0.14830736163353037,
        "is_block_based": true,
        "block_results": {
          "5": {
            "accuracy": 0.14465408805031446,
            "correct": 23,
            "total": 159
          },
          "6": {
            "accuracy": 0.14728682170542637,
            "correct": 19,
            "total": 129
          },
          "1": {
            "accuracy": 0.18036529680365296,
            "correct": 79,
            "total": 438
          },
          "2": {
            "accuracy": 0.16613418530351437,
            "correct": 52,
            "total": 313
          },
          "3": {
            "accuracy": 0.12149532710280374,
            "correct": 26,
            "total": 214
          },
          "4": {
            "accuracy": 0.0945273631840796,
            "correct": 19,
            "total": 201
          },
          "7": {
            "accuracy": 0.17037037037037037,
            "correct": 23,
            "total": 135
          },
          "8": {
            "accuracy": 0.13675213675213677,
            "correct": 16,
            "total": 117
          },
          "10": {
            "accuracy": 0.1527777777777778,
            "correct": 11,
            "total": 72
          },
          "9": {
            "accuracy": 0.0963855421686747,
            "correct": 8,
            "total": 83
          }
        },
        "sample_counts": {
          "5": 159,
          "6": 129,
          "1": 438,
          "2": 313,
          "3": 214,
          "4": 201,
          "7": 135,
          "8": 117,
          "10": 72,
          "9": 83
        }
      }
    }
  },
  "Qwen2.5-14B-Instruct-1M": {
    "pt0": {
      "python": {
        "overall_accuracy": 0.2783449758194519,
        "is_block_based": true,
        "block_results": {
          "5": {
            "accuracy": 0.25157232704402516,
            "correct": 40,
            "total": 159
          },
          "6": {
            "accuracy": 0.20930232558139536,
            "correct": 27,
            "total": 129
          },
          "1": {
            "accuracy": 0.3401826484018265,
            "correct": 149,
            "total": 438
          },
          "2": {
            "accuracy": 0.31309904153354634,
            "correct": 98,
            "total": 313
          },
          "3": {
            "accuracy": 0.2570093457943925,
            "correct": 55,
            "total": 214
          },
          "4": {
            "accuracy": 0.24875621890547264,
            "correct": 50,
            "total": 201
          },
          "7": {
            "accuracy": 0.24444444444444444,
            "correct": 33,
            "total": 135
          },
          "8": {
            "accuracy": 0.2564102564102564,
            "correct": 30,
            "total": 117
          },
          "10": {
            "accuracy": 0.19444444444444445,
            "correct": 14,
            "total": 72
          },
          "9": {
            "accuracy": 0.26506024096385544,
            "correct": 22,
            "total": 83
          }
        },
        "sample_counts": {
          "5": 159,
          "6": 129,
          "1": 438,
          "2": 313,
          "3": 214,
          "4": 201,
          "7": 135,
          "8": 117,
          "10": 72,
          "9": 83
        }
      }
    }
  },
  "Qwen2.5-Coder-7B-Instruct": {
    "pt0": {
      "python": {
        "overall_accuracy": 0.21708758731864589,
        "is_block_based": true,
        "block_results": {
          "5": {
            "accuracy": 0.1949685534591195,
            "correct": 31,
            "total": 159
          },
          "6": {
            "accuracy": 0.18604651162790697,
            "correct": 24,
            "total": 129
          },
          "1": {
            "accuracy": 0.2671232876712329,
            "correct": 117,
            "total": 438
          },
          "2": {
            "accuracy": 0.22044728434504793,
            "correct": 69,
            "total": 313
          },
          "3": {
            "accuracy": 0.17289719626168223,
            "correct": 37,
            "total": 214
          },
          "4": {
            "accuracy": 0.21393034825870647,
            "correct": 43,
            "total": 201
          },
          "7": {
            "accuracy": 0.22962962962962963,
            "correct": 31,
            "total": 135
          },
          "8": {
            "accuracy": 0.2222222222222222,
            "correct": 26,
            "total": 117
          },
          "10": {
            "accuracy": 0.125,
            "correct": 9,
            "total": 72
          },
          "9": {
            "accuracy": 0.20481927710843373,
            "correct": 17,
            "total": 83
          }
        },
        "sample_counts": {
          "5": 159,
          "6": 129,
          "1": 438,
          "2": 313,
          "3": 214,
          "4": 201,
          "7": 135,
          "8": 117,
          "10": 72,
          "9": 83
        }
      }
    }
  },
  "DeepSeek-Coder-V2-Lite-Instruct": {
    "pt0": {
      "python": {
        "overall_accuracy": 0.2971520687802257,
        "is_block_based": true,
        "block_results": {
          "5": {
            "accuracy": 0.31446540880503143,
            "correct": 50,
            "total": 159
          },
          "6": {
            "accuracy": 0.20930232558139536,
            "correct": 27,
            "total": 129
          },
          "1": {
            "accuracy": 0.3561643835616438,
            "correct": 156,
            "total": 438
          },
          "2": {
            "accuracy": 0.3546325878594249,
            "correct": 111,
            "total": 313
          },
          "3": {
            "accuracy": 0.2336448598130841,
            "correct": 50,
            "total": 214
          },
          "4": {
            "accuracy": 0.24875621890547264,
            "correct": 50,
            "total": 201
          },
          "7": {
            "accuracy": 0.28888888888888886,
            "correct": 39,
            "total": 135
          },
          "8": {
            "accuracy": 0.29914529914529914,
            "correct": 35,
            "total": 117
          },
          "10": {
            "accuracy": 0.19444444444444445,
            "correct": 14,
            "total": 72
          },
          "9": {
            "accuracy": 0.25301204819277107,
            "correct": 21,
            "total": 83
          }
        },
        "sample_counts": {
          "5": 159,
          "6": 129,
          "1": 438,
          "2": 313,
          "3": 214,
          "4": 201,
          "7": 135,
          "8": 117,
          "10": 72,
          "9": 83
        }
      }
    }
  },
  "Phi-4-mini-instruct": {
    "pt0": {
      "python": {
        "overall_accuracy": 0.2031166039763568,
        "is_block_based": true,
        "block_results": {
          "5": {
            "accuracy": 0.1761006289308176,
            "correct": 28,
            "total": 159
          },
          "6": {
            "accuracy": 0.17054263565891473,
            "correct": 22,
            "total": 129
          },
          "1": {
            "accuracy": 0.2374429223744292,
            "correct": 104,
            "total": 438
          },
          "2": {
            "accuracy": 0.23961661341853036,
            "correct": 75,
            "total": 313
          },
          "3": {
            "accuracy": 0.1822429906542056,
            "correct": 39,
            "total": 214
          },
          "4": {
            "accuracy": 0.1791044776119403,
            "correct": 36,
            "total": 201
          },
          "7": {
            "accuracy": 0.17777777777777778,
            "correct": 24,
            "total": 135
          },
          "8": {
            "accuracy": 0.1794871794871795,
            "correct": 21,
            "total": 117
          },